Family,Species,Strain,Code,Navis,Size,DR,aTIR,Target,Spok,ARS,Other,HGT,taxID,taxRank,superkingdom,clade,kingdom,subkingdom,phylum,subphylum,class,order,family,genus,species
Phoenix,Macrophomina phaseolina,mp053,Phoenix,Phoenix,195341,TTTACA,17,NA,No,NA,NA,NA,35725,species,Eukaryota,Opisthokonta,Fungi,Dikarya,Ascomycota,Pezizomycotina,Dothideomycetes,Botryosphaeriales,Botryosphaeriaceae,Macrophomina,Macrophomina phaseolina
Phoenix,Phaeomoniella chlamydospora,UCRPC4,Phoenix_Pcla,Phoenix,31584,TTACAG,14,NA,No,NA,NA,NA,NA,NA,Unknown,Unknown,Unknown,Unknown,Unknown,Unknown,Unknown,Unknown,Unknown,Unknown,NA
Galactica,Paecilomyces variotii,CBS 144490 HYG1,Chrysoar_Pvar,Chrysoar,202217,GCTAGT,13,NA,No,NA,NA,NA,264951,species,Eukaryota,Opisthokonta,Fungi,Dikarya,Ascomycota,Pezizomycotina,Eurotiomycetes,Eurotiales,Thermoascaceae,Paecilomyces,Paecilomyces variotii
Galactica,Aspergillus sojae,SMF134,Galactica_Asoj,Galactica,393008,?,15,NA,Yes,NA,Alignment to Afla,NA,41058,species,Eukaryota,Opisthokonta,Fungi,Dikarya,Ascomycota,Pezizomycotina,Eurotiomycetes,Eurotiales,Aspergillaceae,Aspergillus,Aspergillus sojae
Galactica,Aspergillus oryzae,RIB40,Galactica_Aory,Galactica,253754,GTAGT,16,NA,Yes,NA,Alignment to Afla,NA,5062,species,Eukaryota,Opisthokonta,Fungi,Dikarya,Ascomycota,Pezizomycotina,Eurotiomycetes,Eurotiales,Aspergillaceae,Aspergillus,Aspergillus oryzae
Galactica,Aspergillus flavus,AF13,Galactica_Afla,Galactica,309598,GTAGTT,12,NA,Yes,NA,NA,NA,5059,species,Eukaryota,Opisthokonta,Fungi,Dikarya,Ascomycota,Pezizomycotina,Eurotiomycetes,Eurotiales,Aspergillaceae,Aspergillus,Aspergillus flavus
Galactica,Aspergillus niger,FDAARGOS_311,Galacticafam_Anig,NA,298635,TAGTG,16?,NA,yes,NA,NA,NA,5061,species,Eukaryota,Opisthokonta,Fungi,Dikarya,Ascomycota,Pezizomycotina,Eurotiomycetes,Eurotiales,Aspergillaceae,Aspergillus,Aspergillus niger
Galactica,Aspergillus flavus,AZS04M2A,Galactica_Afla_AZS04M2A,Galactica,309815,GTAGT,12,NA,NA,NA,NA,NA,5059,species,Eukaryota,Opisthokonta,Fungi,Dikarya,Ascomycota,Pezizomycotina,Eurotiomycetes,Eurotiales,Aspergillaceae,Aspergillus,Aspergillus flavus
NA,Fonsecaea nubica,CBS 269.64,Starship-1_Fnub,NA,86182,GAAACRA,-,NA,No,NA,NA,NA,856822,species,Eukaryota,Opisthokonta,Fungi,Dikarya,Ascomycota,Pezizomycotina,Eurotiomycetes,Chaetothyriales,Herpotrichiellaceae,Fonsecaea,Fonsecaea nubica
NA,Fonsecaea pedrosoi,CBS 271.37,Starship-1_Fped,NA,86057,TGTTAT,-,NA,No,NA,NA,NA,40355,species,Eukaryota,Opisthokonta,Fungi,Dikarya,Ascomycota,Pezizomycotina,Eurotiomycetes,Chaetothyriales,Herpotrichiellaceae,Fonsecaea,Fonsecaea pedrosoi
NA,Fusarium poae,2516,Starship-1_Fpoa,NA,464334,TGTTTTGG,16,NA,2 copies?,NA,NA,NA,36050,species,Eukaryota,Opisthokonta,Fungi,Dikarya,Ascomycota,Pezizomycotina,Sordariomycetes,Hypocreales,Nectriaceae,Fusarium,Fusarium poae
NA,Aspergillus niger (phoenicis Corda) Thom ,ATCC 13157,Starship-1_Anig,NA,75031,ACATACAACAGAAGG,11,5S,No,NA,NA,HSP70,NA,NA,Unknown,Unknown,Unknown,Unknown,Unknown,Unknown,Unknown,Unknown,Unknown,Unknown,NA
NA,Aspergillus luchuensis,CBS 106.47,Starship-1_Aluc,NA,81688,ACATACAACAGAAGG,-,NA,NA,NA,aligned to Anig,NA,1069201,species,Eukaryota,Opisthokonta,Fungi,Dikarya,Ascomycota,Pezizomycotina,Eurotiomycetes,Eurotiales,Aspergillaceae,Aspergillus,Aspergillus luchuensis
NA,Aspergillus welwitschiae,CBS139.54b,Starship-1_Awel,NA,81412,ACATACAACAGAAGG,11,NA,NA,NA,aligned to Anig,NA,1341132,species,Eukaryota,Opisthokonta,Fungi,Dikarya,Ascomycota,Pezizomycotina,Eurotiomycetes,Eurotiales,Aspergillaceae,Aspergillus,Aspergillus welwitschiae
NA,Aspergillus vadensis,CBS 113365,Starship-1_Avad,NA,79872,ACATACAACAGAAGG,11,NA,NA,NA,NA,NA,NA,NA,Unknown,Unknown,Unknown,Unknown,Unknown,Unknown,Unknown,Unknown,Unknown,Unknown,NA
NA,Trichoderma asperellum,CBS 433.97,Starship-1_Tasp,NA,73474,GCTCGTATA,-,NA,No,NA,n's,NA,101201,species,Eukaryota,Opisthokonta,Fungi,Dikarya,Ascomycota,Pezizomycotina,Sordariomycetes,Hypocreales,Hypocreaceae,Trichoderma,Trichoderma asperellum
Arwing,Fusarium fujikuroi,I1.3,Arwing_Ffuj,Arwing,93762,CCCGTC,9,NA,No,NA,HGT?,NA,5127,species,Eukaryota,Opisthokonta,Fungi,Dikarya,Ascomycota,Pezizomycotina,Sordariomycetes,Hypocreales,Nectriaceae,Fusarium,Fusarium fujikuroi
Arwing,Fusarium oxyspoum,4287,Arwing_Foxy_Fol4287,Arwing,92532,CCATAG,-,NA,Yes,NA,NA,NA,NA,NA,Unknown,Unknown,Unknown,Unknown,Unknown,Unknown,Unknown,Unknown,Unknown,Unknown,NA
Arwing,Fusarium oxyspoum,Fo5176,Arwing_Foxy_5176,Arwing,100660,CCCGTC,9,NA,Yes,NA,NA,NA,NA,NA,Unknown,Unknown,Unknown,Unknown,Unknown,Unknown,Unknown,Unknown,Unknown,Unknown,NA
NA,Cladophialophora psammophila,CBS 110553,Starship-2_Cpsa,NA,91057,?,-,NA,No,NA,rearrandged,NA,1182553,species,Eukaryota,Opisthokonta,Fungi,Dikarya,Ascomycota,Pezizomycotina,Eurotiomycetes,Chaetothyriales,Herpotrichiellaceae,Cladophialophora,Cladophialophora psammophila
NA,Letharia lupina,WasteWater1,Starship-1_Llup,NA,88059,YYACTCGT,-,NA,No,NA,Ripped,NA,560253,species,Eukaryota,Opisthokonta,Fungi,Dikarya,Ascomycota,Pezizomycotina,Lecanoromycetes,Lecanorales,Parmeliaceae,Letharia,Letharia lupina
Enterprise,Melanconium sp.,NRRL 54901,Enterprise_Msp,Enterprise,71950,AGGTAG,-,NA,No,NA,NA,NA,2026559,species,Eukaryota,Opisthokonta,Fungi,Dikarya,Ascomycota,Pezizomycotina,Sordariomycetes,Diaporthales,Melanconidaceae,Melanconium,Melanconium sp.
Enterprise,Podospora anserina,Wa28,Enterprise_Pans,Enterprise,161296,AGGTAG,-,NA,Yes,NA,NA,NA,2587412,species,Eukaryota,Opisthokonta,Fungi,Dikarya,Ascomycota,Pezizomycotina,Sordariomycetes,Sordariales,Chaetomiaceae,Podospora,Podospora anserina
NA,Fusarium fujikuroi,E282,Starship-2_Ffuj,NA,86995,TGTGGTATT,16,NA,NA,NA,related to ARS transfer,NA,NA,NA,Unknown,Unknown,Unknown,Unknown,Unknown,Unknown,Unknown,Unknown,Unknown,Unknown,NA
NA,Fusarium proliferatum,ITEM 2341,Starship-1_Fpro,NA,81850,TGTGGTATT,16,NA,NA,NA,aligned to Ffuj,NA,NA,NA,Unknown,Unknown,Unknown,Unknown,Unknown,Unknown,Unknown,Unknown,Unknown,Unknown,NA
NA,Fusarium oxysporum,170,Starship-1_Ffoxy_170,NA,82662,TGTGGTATT,16,NA,NA,NA,aligned to Ffuj,NA,5507,species,Eukaryota,Opisthokonta,Fungi,Dikarya,Ascomycota,Pezizomycotina,Sordariomycetes,Hypocreales,Nectriaceae,Fusarium,Fusarium oxysporum
NA,Aspergillus flavus,NRRL3357,Starship-1_Afla,NA,59419,ACTA,13,TE,No,NA,NA,NA,5059,species,Eukaryota,Opisthokonta,Fungi,Dikarya,Ascomycota,Pezizomycotina,Eurotiomycetes,Eurotiales,Aspergillaceae,Aspergillus,Aspergillus flavus
NA,Macrophomina phaseolina,mp050,Defiant_Mpha,Defiant,192877,ACTA,17,NA,No,NA,NA,NA,35725,species,Eukaryota,Opisthokonta,Fungi,Dikarya,Ascomycota,Pezizomycotina,Dothideomycetes,Botryosphaeriales,Botryosphaeriaceae,Macrophomina,Macrophomina phaseolina
NA,Cochliobolus heterostrophus,PR9b,Starship-1_Chet,NA,105366,TACT,18,NA,No,NA,NA,NA,NA,NA,Unknown,Unknown,Unknown,Unknown,Unknown,Unknown,Unknown,Unknown,Unknown,Unknown,NA
NA,Exserohilum turcica,Et28A ,Starship-1_Etur,NA,157147,TACT,18,NA,No,NA,aligned to Chet,4	5 DOPA dioxygenase extradiol,NA,NA,Unknown,Unknown,Unknown,Unknown,Unknown,Unknown,Unknown,Unknown,Unknown,Unknown,NA
NA,Exserohilum rostratum,ER1,Starship-1_Eros,NA,182487,TACT,18,NA,No,NA,aligned to Etur,NA,1659837,species,Eukaryota,Opisthokonta,Fungi,Dikarya,Ascomycota,Pezizomycotina,Dothideomycetes,Pleosporales,Pleosporaceae,Exserohilum,Exserohilum rostratum
NA,Bipolaris sorokiniana,BS112,Starship-1_Bsor,NA,192084,TACT,18,NA,No,NA,aligned to Etur	 MAT genes!?,NA,45130,species,Unknown,Unknown,Unknown,Unknown,Unknown,Unknown,Unknown,Unknown,Unknown,Unknown,NA
NA,Bipolaris victoriae,FI3,Starship-1_Bvic,NA,92203,TTTACT,18,NA,No,NA,aligned to Etur,NA,40125,species,Eukaryota,Opisthokonta,Fungi,Dikarya,Ascomycota,Pezizomycotina,Dothideomycetes,Pleosporales,Pleosporaceae,Bipolaris,Bipolaris victoriae
NA,Bipolaris maydis,C5,Starship-1_Bmay,NA,140069,GTTTACT,18,NA,No,NA,aligned to Chet,NA,5016,species,Eukaryota,Opisthokonta,Fungi,Dikarya,Ascomycota,Pezizomycotina,Dothideomycetes,Pleosporales,Pleosporaceae,Bipolaris,Bipolaris maydis
NA,Aspergillus sp.,GbtcF2 F2_37,Starship-1_Asp,NA,59378,ATACTA,27?,NA,NA,NA,NA,NA,5065,species,Eukaryota,Opisthokonta,Fungi,Dikarya,Ascomycota,Pezizomycotina,Eurotiomycetes,Eurotiales,Aspergillaceae,Aspergillus,Aspergillus sp.
NA,Fusarium culmorum,Class2-1B,Starship-1_Fcul,NA,156001,ATACCT,-,NA,2?,NA,Alignment to Foxy,NA,5516,species,Eukaryota,Opisthokonta,Fungi,Dikarya,Ascomycota,Pezizomycotina,Sordariomycetes,Hypocreales,Nectriaceae,Fusarium,Fusarium culmorum
NA,Fusarium oxysporum,Fo5176,Starship-1_Foxy_Fo5176,NA,117827,?,NA,NA,Yes,NA,Alignment to Foxy,NA,5507,species,Eukaryota,Opisthokonta,Fungi,Dikarya,Ascomycota,Pezizomycotina,Sordariomycetes,Hypocreales,Nectriaceae,Fusarium,Fusarium oxysporum
NA,Fusarium oxysporum,Fo47,Starship-1_Foxy_Fo47,NA,119415,?,NA,NA,2?,NA,Alignment to Foxy,NA,5507,species,Eukaryota,Opisthokonta,Fungi,Dikarya,Ascomycota,Pezizomycotina,Sordariomycetes,Hypocreales,Nectriaceae,Fusarium,Fusarium oxysporum
NA,Fusarium oxysporum,F1004,Starship-1_Foxy,NA,137343,AAGATATAC,-,NA,2?,NA,NA,NA,5507,species,Eukaryota,Opisthokonta,Fungi,Dikarya,Ascomycota,Pezizomycotina,Sordariomycetes,Hypocreales,Nectriaceae,Fusarium,Fusarium oxysporum
NA,Fusarium oxysporum,F207,Foxy-1_Fusoxy_F207,NA,139180,ATAATA,NA,NA,2?,NA,Alignment to Foxy,NA,5507,species,Eukaryota,Opisthokonta,Fungi,Dikarya,Ascomycota,Pezizomycotina,Sordariomycetes,Hypocreales,Nectriaceae,Fusarium,Fusarium oxysporum
Voyager,Macrophomina phaseolina,mp102,Voyager_Mpha,Voyager,91145,GCCCTGTATTCT,24,5S,No,NA,NA,NA,35725,species,Eukaryota,Opisthokonta,Fungi,Dikarya,Ascomycota,Pezizomycotina,Dothideomycetes,Botryosphaeriales,Botryosphaeriaceae,Macrophomina,Macrophomina phaseolina
Voyager,Botryosphaeria dothidea,LW-Hubei,Voyager_Bdot,Voyager,68837,CCTATATTCT,11,NA,No,NA,NA,NA,55169,species,Eukaryota,Opisthokonta,Fungi,Dikarya,Ascomycota,Pezizomycotina,Dothideomycetes,Botryosphaeriales,Botryosphaeriaceae,Botryosphaeria,Botryosphaeria dothidea
NA,Alternaria gaisen,FERA 650,Starship-1_Agai,NA,55716,TGAAAATTAG,11,NA,No,NA,Alignment to Aalt,NA,167740,species,Eukaryota,Opisthokonta,Fungi,Dikarya,Ascomycota,Pezizomycotina,Dothideomycetes,Pleosporales,Pleosporaceae,Alternaria,Alternaria gaisen
NA,Alternaria alternata,Z7,Starship-1_Aalt,NA,87507,TGAAAATTAG,11,NA,No,NA,Alignment to Aten,NA,5599,species,Eukaryota,Opisthokonta,Fungi,Dikarya,Ascomycota,Pezizomycotina,Dothideomycetes,Pleosporales,Pleosporaceae,Alternaria,Alternaria alternata
NA,Alternaria solani,NL03003,Starship-1_Asol,NA,96947,tgaaagctag,9,NA,No,Yes,Alignment to Aten,NA,48100,species,Eukaryota,Opisthokonta,Fungi,Dikarya,Ascomycota,Pezizomycotina,Dothideomycetes,Pleosporales,Pleosporaceae,Alternaria,Alternaria solani
NA,Alternaria tenuissima,FERA 743,Starship-2_Aten,NA,84520,TGAAAATTAG,10,5S,No,Yes,NA,NA,119927,species,Eukaryota,Opisthokonta,Fungi,Dikarya,Ascomycota,Pezizomycotina,Dothideomycetes,Pleosporales,Pleosporaceae,Alternaria,Alternaria tenuissima
NA,Alternaria tenuissima,FERA 743,Starship-1_Aten,NA,83050,TGAAAATTAG,14,NA,No,NA,NA,NA,119927,species,Eukaryota,Opisthokonta,Fungi,Dikarya,Ascomycota,Pezizomycotina,Dothideomycetes,Pleosporales,Pleosporaceae,Alternaria,Alternaria tenuissima
NA,Bipolaris maydis,HAW225,Starship-2_Bmay,NA,99415,TAGTG,16,NA,No,NA,NA,FabG,5016,species,Eukaryota,Opisthokonta,Fungi,Dikarya,Ascomycota,Pezizomycotina,Dothideomycetes,Pleosporales,Pleosporaceae,Bipolaris,Bipolaris maydis
NA,Bipolaris zeicola,GZL10,Starship-2_Bzei,NA,77192,TAGT,18,NA,No,NA,aligned to Bmay-2,NA,5017,species,Eukaryota,Opisthokonta,Fungi,Dikarya,Ascomycota,Pezizomycotina,Dothideomycetes,Pleosporales,Pleosporaceae,Bipolaris,Bipolaris zeicola
Hephaestus,Talaromyces marneffei,11CN-20-091,Hephaestusfam_Tmar,NA,59925,TTAC,-,NA,Yes,NA,NA,NA,37727,species,Eukaryota,Opisthokonta,Fungi,Dikarya,Ascomycota,Pezizomycotina,Eurotiomycetes,Eurotiales,Trichocomaceae,Talaromyces,Talaromyces marneffei
Hephaestus,Aspergillus felis,FM324,Hephaestusfam_Afel,NA,40445,TTACAGC,14,NA,No,NA,aligned to Afum,NA,1287682,species,Eukaryota,Opisthokonta,Fungi,Dikarya,Ascomycota,Pezizomycotina,Eurotiomycetes,Eurotiales,Aspergillaceae,Aspergillus,Aspergillus felis
Hephaestus,Aspergillus fumigatus,Af293,Hephaestusfam_Afum,NA,53113,TTTACA,16,NA,No,yes,NA,NA,746128,species,Eukaryota,Opisthokonta,Fungi,Dikarya,Ascomycota,Pezizomycotina,Eurotiomycetes,Eurotiales,Aspergillaceae,Aspergillus,Aspergillus fumigatus
Hephaestus,Penicillium chrysogenum,Pch1,Mithridate_Pchr,Mithridate,62241,?,11,NA,No,NA,aligned to?,NA,5076,species,Eukaryota,Opisthokonta,Fungi,Dikarya,Ascomycota,Pezizomycotina,Eurotiomycetes,Eurotiales,Aspergillaceae,Penicillium,Penicillium chrysogenum
Hephaestus,Aspergillus nidulans,SP-2605-48,Mithridate_Anid,Mithridate,81705,GTTTTAC,?,NA,No,NA,NA,NA,NA,NA,Unknown,Unknown,Unknown,Unknown,Unknown,Unknown,Unknown,Unknown,Unknown,Unknown,NA
Hephaestus,Penicillium griseoroseum,IF7SW-F5,Mithridate_Pgri,Mithridate,62253,TTACA,11,NA,NA,NA,NA,NA,84562,species,Eukaryota,Opisthokonta,Fungi,Dikarya,Ascomycota,Pezizomycotina,Eurotiomycetes,Eurotiales,Aspergillaceae,Penicillium,Penicillium griseoroseum
Hephaestus,Penicillium roqueforti,FM164,Aristaeus_Proq,Aristaeus,74970,TATTACA,16,NA,NA,NA,NA,NA,NA,NA,Unknown,Unknown,Unknown,Unknown,Unknown,Unknown,Unknown,Unknown,Unknown,Unknown,NA
Hephaestus,Penicillium camemberti,FM013,Aristaeus_Pcam,Aristaeus,79663,TATTACA,13,NA,NA,NA,NA,NA,5075,species,Eukaryota,Opisthokonta,Fungi,Dikarya,Ascomycota,Pezizomycotina,Eurotiomycetes,Eurotiales,Aspergillaceae,Penicillium,Penicillium camemberti
Hephaestus,Paecilomyces variotii,CBS 144490 HYG1,Hephaestus_Pvar,Hephaestus,77564,TTAC,15,NA,yes,yes,NA,NA,264951,species,Eukaryota,Opisthokonta,Fungi,Dikarya,Ascomycota,Pezizomycotina,Eurotiomycetes,Eurotiales,Thermoascaceae,Paecilomyces,Paecilomyces variotii
Hephaestus,Aspergillus fumigatus,D-2-23L-5,Hephaestusfam_Afum_D-2-23L-5,NA,53113,TTACAA,16,NA,No,yes,NA,NA,746128,species,Eukaryota,Opisthokonta,Fungi,Dikarya,Ascomycota,Pezizomycotina,Eurotiomycetes,Eurotiales,Aspergillaceae,Aspergillus,Aspergillus fumigatus
Hephaestus,Aspergillus fischeri,IBT 3003,Hephaestusfam_Afis,NA,48913,TTACAA,13,NA,NA,NA,NA,NA,NA,NA,Unknown,Unknown,Unknown,Unknown,Unknown,Unknown,Unknown,Unknown,Unknown,Unknown,NA
Hephaestus,Aspergillus novofumigatus,IBT 16806,Hephaestusfam_Anov,NA,47493,TACA,14,NA,NA,NA,NA,NA,NA,NA,Unknown,Unknown,Unknown,Unknown,Unknown,Unknown,Unknown,Unknown,Unknown,Unknown,NA
Hephaestus,Aspergillus thermomutatus,HMR AF 39,Hephaestusfam_Athe,NA,65455,TTTACA,16,NA,NA,NA,NA,NA,NA,NA,Unknown,Unknown,Unknown,Unknown,Unknown,Unknown,Unknown,Unknown,Unknown,Unknown,NA
Hephaestus,Aspergillus lentulus,IFM 60648,Hephaestusfam_Alen,NA,54465,TTTACAA,16,NA,NA,NA,NA,NA,NA,NA,Unknown,Unknown,Unknown,Unknown,Unknown,Unknown,Unknown,Unknown,Unknown,Unknown,NA
Hephaestus,Aspergillus neoellipticus,NRRL 5109,Hephaestusfam_Aneo,NA,14634,TTACA,16,NA,NA,NA,NA,NA,91482,species,Eukaryota,Opisthokonta,Fungi,Dikarya,Ascomycota,Pezizomycotina,Eurotiomycetes,Eurotiales,Aspergillaceae,Aspergillus,Aspergillus neoellipticus
Hephaestus,Aspergillus fumigatus,LMB-35Aa,Hephaestusfam_Afum_mini,NA,14634,TTACA,16,NA,NA,NA,NA,NA,746128,species,Eukaryota,Opisthokonta,Fungi,Dikarya,Ascomycota,Pezizomycotina,Eurotiomycetes,Eurotiales,Aspergillaceae,Aspergillus,Aspergillus fumigatus
Hephaestus,Penicillium chrysogenum,HKF42,Mithridate_Pchr_HKF42,Mithridate,55184,TTACA,16,NA,NA,NA,NA,NA,5076,species,Eukaryota,Opisthokonta,Fungi,Dikarya,Ascomycota,Pezizomycotina,Eurotiomycetes,Eurotiales,Aspergillaceae,Penicillium,Penicillium chrysogenum
Hephaestus,Aspergillus fumigatus,Af293,Hephaestusfam_Afum2,NA,57356,ttACAAC,16,Microsatellite,NA,NA,NA,NA,746128,species,Eukaryota,Opisthokonta,Fungi,Dikarya,Ascomycota,Pezizomycotina,Eurotiomycetes,Eurotiales,Aspergillaceae,Aspergillus,Aspergillus fumigatus
Hephaestus,Penicillium oxalicum,SGAir0226,Hephaestusfam_Poxa,NA,43824,ACA,14,NA,NA,NA,NA,NA,69781,species,Eukaryota,Opisthokonta,Fungi,Dikarya,Ascomycota,Pezizomycotina,Eurotiomycetes,Eurotiales,Aspergillaceae,Penicillium,Penicillium oxalicum
Hephaestus,Penicillium rolfsii,F1880,Hephaestusfam_Prol,NA,56396,ATTACA,17,NA,NA,NA,NA,NA,69785,species,Eukaryota,Opisthokonta,Fungi,Dikarya,Ascomycota,Pezizomycotina,Eurotiomycetes,Eurotiales,Aspergillaceae,Penicillium,Penicillium rolfsii
Hephaestus,Penicillium nalgiovense,IBT 13039,Hephaestusfam_Pnal,NA,7679,?,14,NA,NA,NA,NA,NA,60175,species,Eukaryota,Opisthokonta,Fungi,Dikarya,Ascomycota,Pezizomycotina,Eurotiomycetes,Eurotiales,Aspergillaceae,Penicillium,Penicillium nalgiovense
Hephaestus,Penicillium chrysogenum,Wisconsin 54-1255,Hephaestusfam_Pchr_54-1255,NA,111216,?,15?,NA,NA,NA,NA,NA,5076,species,Eukaryota,Opisthokonta,Fungi,Dikarya,Ascomycota,Pezizomycotina,Eurotiomycetes,Eurotiales,Aspergillaceae,Penicillium,Penicillium chrysogenum
Hephaestus,Penicillium decumbens,IBT 11843,Hephaestusfam_Pdec,NA,45942,GTTTACAA,?,NA,NA,NA,NA,NA,NA,NA,Unknown,Unknown,Unknown,Unknown,Unknown,Unknown,Unknown,Unknown,Unknown,Unknown,NA
Hephaestus,Penicillium sp.,str. #12,Hephaestusfam_Psp,NA,7679,?,14,NA,NA,NA,NA,NA,NA,NA,Unknown,Unknown,Unknown,Unknown,Unknown,Unknown,Unknown,Unknown,Unknown,Unknown,NA
Hephaestus,Talaromyces stipitatus,ATCC 10500,Hephaestusfam_Tsti,NA,40862,?,10,NA,NA,NA,NA,NA,NA,NA,Unknown,Unknown,Unknown,Unknown,Unknown,Unknown,Unknown,Unknown,Unknown,Unknown,NA
Hephaestus,Talaromyces rugulosus,W13939,Hephaestusfam_Trug,NA,49232,?,13,NA,NA,NA,NA,NA,NA,NA,Unknown,Unknown,Unknown,Unknown,Unknown,Unknown,Unknown,Unknown,Unknown,Unknown,NA
Hephaestus,Talaromyces rugulosus,W13939,Hephaestusfam_Trug2,NA,48648,?,7,NA,NA,NA,NA,NA,NA,NA,Unknown,Unknown,Unknown,Unknown,Unknown,Unknown,Unknown,Unknown,Unknown,Unknown,NA
Hephaestus,Talaromyces islandicus,PIS,Hephaestusfam_Tisl,NA,53416,?,10,NA,NA,NA,NA,NA,NA,NA,Unknown,Unknown,Unknown,Unknown,Unknown,Unknown,Unknown,Unknown,Unknown,Unknown,NA
Hephaestus,Aspergillus fischeri,NRRL 181,Hephaestusfam_Afis_NRRL181,NA,36858,TTACA,?,NA,NA,NA,NA,NA,NA,NA,Unknown,Unknown,Unknown,Unknown,Unknown,Unknown,Unknown,Unknown,Unknown,Unknown,NA
NA,Penicillium roqueforti,FM164,Wallaby_Proq,Wallaby,574636,ACCA,5,TE,NA,NA,NA,NA,NA,NA,Unknown,Unknown,Unknown,Unknown,Unknown,Unknown,Unknown,Unknown,Unknown,Unknown,NA
NA,Trichoderma asperellum,DQ-1,Starship-2_Tasp,NA,293882,ATAACA,12,NA,No,NA,Nesting,NA,101201,species,Eukaryota,Opisthokonta,Fungi,Dikarya,Ascomycota,Pezizomycotina,Sordariomycetes,Hypocreales,Hypocreaceae,Trichoderma,Trichoderma asperellum
NA,Podospora anserina,S,Starship-2_Pans,NA,60406,TCTC,10,NA,No,NA,NA,NA,2587412,species,Eukaryota,Opisthokonta,Fungi,Dikarya,Ascomycota,Pezizomycotina,Sordariomycetes,Sordariales,Chaetomiaceae,Podospora,Podospora anserina
NA,Cladophialophora psammophila,CBS 110553,Starship-1_Cpsa,NA,69866,TCTTGGCG,24,NA,No,NA,NA,NA,1182553,species,Eukaryota,Opisthokonta,Fungi,Dikarya,Ascomycota,Pezizomycotina,Eurotiomycetes,Chaetothyriales,Herpotrichiellaceae,Cladophialophora,Cladophialophora psammophila
NA,Orbilia oligospora,TWF106,Starship-1_Ooli,NA,112276,NTAANTA,18,NA,No,yes,NA,NA,2813651,species,Eukaryota,Opisthokonta,Fungi,Dikarya,Ascomycota,Pezizomycotina,Orbiliomycetes,Orbiliales,Orbiliaceae,Orbilia,Orbilia oligospora
NA,Morchella importuna,CCBAS932 v1.0,Starship-1_Mimp,NA,26941,TACTCTACT,17,NA,No,NA,NA,NA,NA,NA,Unknown,Unknown,Unknown,Unknown,Unknown,Unknown,Unknown,Unknown,Unknown,Unknown,NA
Enterprise,Aspergillus nidulans,SP-2605-48,Osiris_Anid_SP-2605-48,Osiris,60787,AAGCC,13,5S,NA,NA,NA,NA,NA,NA,Unknown,Unknown,Unknown,Unknown,Unknown,Unknown,Unknown,Unknown,Unknown,Unknown,NA
NA,Penicillium sp.,str. #12,StarshipX_Psp,NA,269214,TTATTACAC,10,NA,NA,NA,NA,NA,NA,NA,Unknown,Unknown,Unknown,Unknown,Unknown,Unknown,Unknown,Unknown,Unknown,Unknown,NA
NA,Penicillium chrysogenum,P2niaD18,StarshipX_Pchr,NA,380887,TACATC,15,NA,NA,NA,nesting,NA,5076,species,Eukaryota,Opisthokonta,Fungi,Dikarya,Ascomycota,Pezizomycotina,Eurotiomycetes,Eurotiales,Aspergillaceae,Penicillium,Penicillium chrysogenum
NA,Penicillium roqueforti,FM164,HTR-1_Proq,NA,191446,ATTACA,10,NA,NA,NA,NA,NA,NA,NA,Unknown,Unknown,Unknown,Unknown,Unknown,Unknown,Unknown,Unknown,Unknown,Unknown,NA
NA,Pyrenophora tritici-repentis,V0001 V1,Horizon_Ptri,Horizon,135419,?,?,NA,NA,NA,partial	 from old genomes,NA,NA,NA,Unknown,Unknown,Unknown,Unknown,Unknown,Unknown,Unknown,Unknown,Unknown,Unknown,NA
Prometheus,Aspergillus awamori,IFM 58123,Prometheusfam_Aawa,NA,50390,CTAC,?,NA,NA,NA,NA,NA,105351,species,Eukaryota,Opisthokonta,Fungi,Dikarya,Ascomycota,Pezizomycotina,Eurotiomycetes,Eurotiales,Aspergillaceae,Aspergillus,Aspergillus awamori
NA,Penicillium roqueforti,LCP96 04111,Starship-1_Proq,NA,118191,TTATACT,10,NA,NA,NA,NA,NA,NA,NA,Unknown,Unknown,Unknown,Unknown,Unknown,Unknown,Unknown,Unknown,Unknown,Unknown,NA
NA,Penicillium roqueforti,JCM 22842,Starship-1_Proq_S02,NA,97487,CTTAAGCCACA,16,5S,NA,NA,NA,NA,NA,NA,Unknown,Unknown,Unknown,Unknown,Unknown,Unknown,Unknown,Unknown,Unknown,Unknown,NA
Galactica,Penicillium chrysogenum,PDH20-03,Atlantia_Pchr,Atlantia,182090,gtacatatgtaccta,?,NA,NA,NA,NA,NA,5076,species,Eukaryota,Opisthokonta,Fungi,Dikarya,Ascomycota,Pezizomycotina,Eurotiomycetes,Eurotiales,Aspergillaceae,Penicillium,Penicillium chrysogenum
Galactica,Penicillium roqueforti,DTO 039-G3,Atlantia_Proq_DTO_039-G3,Atlantia,369237,GTACATA,NA,NA,NA,NA,NA,NA,NA,NA,Unknown,Unknown,Unknown,Unknown,Unknown,Unknown,Unknown,Unknown,Unknown,Unknown,NA
Prometheus,Spiromastix sp.,SCSIO F190,Prometheus_Ssp,Prometheus,84348,TA,NA,NA,NA,NA,NA,NA,2044277,species,Eukaryota,Opisthokonta,Fungi,Dikarya,Ascomycota,Pezizomycotina,Eurotiomycetes,Onygenales,Unknown,Spiromastix,Spiromastix sp.
Prometheus,Paecilomyces variotii,IMV 00236,Prometheus_Pvar,Prometheus,78891,CTA,NA,NA,NA,NA,NA,NA,264951,species,Eukaryota,Opisthokonta,Fungi,Dikarya,Ascomycota,Pezizomycotina,Eurotiomycetes,Eurotiales,Thermoascaceae,Paecilomyces,Paecilomyces variotii
Prometheus,Aspergillus cibarius,DTO 197-D3,Prometheus_Acib,Prometheus,115942,C,NA,NA,NA,NA,NA,NA,1235455,species,Eukaryota,Opisthokonta,Fungi,Dikarya,Ascomycota,Pezizomycotina,Eurotiomycetes,Eurotiales,Aspergillaceae,Aspergillus,Aspergillus cibarius
Prometheus,Spiromastix sp.,SCSIO F190,Prometheus_Ssp_2,Prometheus,108264,CTACTA,NA,NA,NA,NA,NA,NA,2044277,species,Eukaryota,Opisthokonta,Fungi,Dikarya,Ascomycota,Pezizomycotina,Eurotiomycetes,Onygenales,Unknown,Spiromastix,Spiromastix sp.
Prometheus,Monascus ruber,NRRL 1597,Prometheusfam_Mrub,NA,43353,TACTA,NA,NA,NA,NA,NA,NA,89489,species,Eukaryota,Opisthokonta,Fungi,Dikarya,Ascomycota,Pezizomycotina,Eurotiomycetes,Eurotiales,Aspergillaceae,Monascus,Monascus ruber
Prometheus,Penicilliopsis zonata,CBS 506.65,Prometheusfam_Pzon,NA,39937,TACTA,NA,NA,NA,NA,NA,NA,41063,species,Eukaryota,Opisthokonta,Fungi,Dikarya,Ascomycota,Pezizomycotina,Eurotiomycetes,Eurotiales,Aspergillaceae,Penicilliopsis,Penicilliopsis zonata
Prometheus,Aspergillus niger,WU-2020,Prometheusfam_Anig,NA,51355,CTA,NA,NA,NA,NA,NA,NA,5061,species,Eukaryota,Opisthokonta,Fungi,Dikarya,Ascomycota,Pezizomycotina,Eurotiomycetes,Eurotiales,Aspergillaceae,Aspergillus,Aspergillus niger
NA,Penicillium roqueforti,LCP06133,Starship_Proq_LCP06133 _1-1,NA,56213,ATACT,28,Copia,NA,NA,NA,NA,NA,NA,Unknown,Unknown,Unknown,Unknown,Unknown,Unknown,Unknown,Unknown,Unknown,Unknown,NA
Phoenix,Penicillium roqueforti,LCP06133,Phoenixfam_Proq,NA,187642,ATTACA,10,NA,NA,NA,NA,NA,NA,NA,Unknown,Unknown,Unknown,Unknown,Unknown,Unknown,Unknown,Unknown,Unknown,Unknown,NA
NA,Penicillium roqueforti,LCP06133,Starship_Proq_LCP06133 _2-1,NA,25070,CATA,17,NA,NA,NA,NA,NA,NA,NA,Unknown,Unknown,Unknown,Unknown,Unknown,Unknown,Unknown,Unknown,Unknown,Unknown,NA
NA,Penicillium roqueforti,LCP06133,Starship_Proq_LCP06133 _2-2,NA,48770,ATACT,13,NA,NA,NA,NA,NA,NA,NA,Unknown,Unknown,Unknown,Unknown,Unknown,Unknown,Unknown,Unknown,Unknown,Unknown,NA
Galactica,Penicillium roqueforti,LCP06133,Atlantia_Proq_LCP06133_1,Atlantia,170319,TATGTA,18,NA,NA,NA,NA,NA,NA,NA,Unknown,Unknown,Unknown,Unknown,Unknown,Unknown,Unknown,Unknown,Unknown,Unknown,NA
Prometheus,Penicillium roqueforti,LCP06133,Prometheusfam_Proq,NA,267218,TACT,30,NA,NA,NA,NA,NA,NA,NA,Unknown,Unknown,Unknown,Unknown,Unknown,Unknown,Unknown,Unknown,Unknown,Unknown,NA
Enterprise,Penicillium roqueforti,LCP06133,Enterprisefam_Proq,NA,80714,GCCGTACATAAGCCACA,?,5S,NA,NA,NA,NA,NA,NA,Unknown,Unknown,Unknown,Unknown,Unknown,Unknown,Unknown,Unknown,Unknown,Unknown,NA
NA,Penicillium roqueforti,LCP06133,Starship_Proq_LCP06133 _3-5,NA,172729,AATTTACTATAT,?,NA,NA,NA,NA,NA,NA,NA,Unknown,Unknown,Unknown,Unknown,Unknown,Unknown,Unknown,Unknown,Unknown,Unknown,NA
Galactica,Penicillium roqueforti,LCP06133,Atlantia_Proq_LCP06133_2,Atlantia,166047,?,23,NA,NA,NA,NA,NA,NA,NA,Unknown,Unknown,Unknown,Unknown,Unknown,Unknown,Unknown,Unknown,Unknown,Unknown,NA
Prometheus,Penicillium roqueforti,LCP06133,Prometheusfam_Proq_LCP06133 _4-2,NA,98548,?,19,TE,NA,NA,NA,NA,NA,NA,Unknown,Unknown,Unknown,Unknown,Unknown,Unknown,Unknown,Unknown,Unknown,Unknown,NA
NA,Penicillium roqueforti,LCP06136,Starship_Proq_LCP06136 _1-1,NA,118290,TTATACT,10,NA,NA,NA,NA,NA,NA,NA,Unknown,Unknown,Unknown,Unknown,Unknown,Unknown,Unknown,Unknown,Unknown,Unknown,NA
Prometheus,Penicillium roqueforti,LCP06136,Prometheusfam_Proq_LCP06136,NA,88159,TACT,16,TE,NA,NA,NA,NA,NA,NA,Unknown,Unknown,Unknown,Unknown,Unknown,Unknown,Unknown,Unknown,Unknown,Unknown,NA
Prometheus,Penicillium roqueforti,LCP06136,Prometheusfam_Proq_LCP06136_2-1,NA,34227,GTAC,17,NA,NA,NA,NA,NA,NA,NA,Unknown,Unknown,Unknown,Unknown,Unknown,Unknown,Unknown,Unknown,Unknown,Unknown,NA
Hephaestus,Penicillium roqueforti,LCP06136,Hephaestusfam_Proq,NA,19953,TTACA,13,NA,NA,NA,NA,NA,NA,NA,Unknown,Unknown,Unknown,Unknown,Unknown,Unknown,Unknown,Unknown,Unknown,Unknown,NA
Prometheus,Penicillium roqueforti,LCP06136,Prometheusfam_Proq_LCP06136_3-2,NA,33633,TA,?,NA,NA,NA,NA,NA,NA,NA,Unknown,Unknown,Unknown,Unknown,Unknown,Unknown,Unknown,Unknown,Unknown,Unknown,NA
NA,Penicillium roqueforti,LCP06136,Starship_Proq_LCP06136_4-1,NA,90820,AACAG,19,NA,NA,NA,NA,NA,NA,NA,Unknown,Unknown,Unknown,Unknown,Unknown,Unknown,Unknown,Unknown,Unknown,Unknown,NA
Phoenix,Penicillium sp.,IBT 35674x,Typhon_Pensp,Typhon,697939,CAC,NA,NA,NA,NA,NA,NA,NA,NA,Unknown,Unknown,Unknown,Unknown,Unknown,Unknown,Unknown,Unknown,Unknown,Unknown,NA
NA,Penicillium chrysogenum,P2niaD18,StarshipR_Pchr,NA,96442,TAAA,NA,NA,NA,NA,NA,NA,NA,NA,Unknown,Unknown,Unknown,Unknown,Unknown,Unknown,Unknown,Unknown,Unknown,Unknown,NA
NA,Penicillium sp.,str. #12,StarshipR_Psp,NA,132693,CTAAA,NA,NA,NA,NA,NA,NA,NA,NA,Unknown,Unknown,Unknown,Unknown,Unknown,Unknown,Unknown,Unknown,Unknown,Unknown,NA
