Class,Species,Strain,Code,Size,TSD,aTIR,Spok,ARS,Other,HGT,taxID,taxRank,superkingdom,clade,kingdom,subkingdom,phylum,subphylum,class,subclass,order,suborder,family,genus
Leviathan,Alternaria alternata,Z7,Starship-1_Aalt,87507,TGAAAATTAG,11,No,NA,Alignment to Aten,NA,5599,species,Eukaryota,Opisthokonta,Fungi,Dikarya,Ascomycota,Pezizomycotina,Dothideomycetes,Pleosporomycetidae,Pleosporales,Pleosporineae,Pleosporaceae,Alternaria
Leviathan,Alternaria gaisen,FERA 650,Starship-1_Agai,55716,TGAAAATTAG,11,No,NA,Alignment to Aalt,NA,167740,species,Eukaryota,Opisthokonta,Fungi,Dikarya,Ascomycota,Pezizomycotina,Dothideomycetes,Pleosporomycetidae,Pleosporales,Pleosporineae,Pleosporaceae,Alternaria
Leviathan,Alternaria solani,NL03003,Starship-1_Asol,96947,tgaaagctag,9,No,Yes,Alignment to Aten,NA,48100,species,Eukaryota,Opisthokonta,Fungi,Dikarya,Ascomycota,Pezizomycotina,Dothideomycetes,Pleosporomycetidae,Pleosporales,Pleosporineae,Pleosporaceae,Alternaria
Leviathan,Alternaria tenuissima,FERA 743,Starship-2_Aten,84520,TGAAAATTAG,10,No,Yes,targets 5S,NA,119927,species,Eukaryota,Opisthokonta,Fungi,Dikarya,Ascomycota,Pezizomycotina,Dothideomycetes,Pleosporomycetidae,Pleosporales,Pleosporineae,Pleosporaceae,Alternaria
Leviathan,Alternaria tenuissima,FERA 743,Starship-1_Aten,83050,TGAAAATTAG,14,No,NA,NA,NA,119927,species,Eukaryota,Opisthokonta,Fungi,Dikarya,Ascomycota,Pezizomycotina,Dothideomycetes,Pleosporomycetidae,Pleosporales,Pleosporineae,Pleosporaceae,Alternaria
Unknown,Aspergillus awamori,IFM 58123,Prometheus_Aawa,50390,CTAC,?,NA,NA,NA,NA,105351,species,Eukaryota,Opisthokonta,Fungi,Dikarya,Ascomycota,Pezizomycotina,Eurotiomycetes,Eurotiomycetidae,Eurotiales,Unknown,Aspergillaceae,Aspergillus
Olympus,Aspergillus felis,FM324,HEPHAESTUS_Afel,40445,TTACAGC,14,No,NA,aligned to Afum,NA,1287682,species,Eukaryota,Opisthokonta,Fungi,Dikarya,Ascomycota,Pezizomycotina,Eurotiomycetes,Eurotiomycetidae,Eurotiales,Unknown,Aspergillaceae,Aspergillus
Olympus,Aspergillus fischeri,IBT 3003,HEPHAESTUS_Afis,48913,TTACAA,13,NA,NA,NA,NA,36630,species,Eukaryota,Opisthokonta,Fungi,Dikarya,Ascomycota,Pezizomycotina,Eurotiomycetes,Eurotiomycetidae,Eurotiales,Unknown,Aspergillaceae,Aspergillus
Olympus,Aspergillus fischeri,NRRL 181,Hephaestus_Afis_NRRL181,36858,TTACA,?,NA,NA,NA,NA,36630,species,Eukaryota,Opisthokonta,Fungi,Dikarya,Ascomycota,Pezizomycotina,Eurotiomycetes,Eurotiomycetidae,Eurotiales,Unknown,Aspergillaceae,Aspergillus
Battlestar,Aspergillus flavus,AF13,Galactica_Afla,309598,GTAGTT,12,Yes,NA,NA,NA,5059,species,Eukaryota,Opisthokonta,Fungi,Dikarya,Ascomycota,Pezizomycotina,Eurotiomycetes,Eurotiomycetidae,Eurotiales,Unknown,Aspergillaceae,Aspergillus
Battlestar,Aspergillus flavus,AZS04M2A,Galactica_Afla_AZS04M2A,309815,GTAGT,12,NA,NA,NA,NA,5059,species,Eukaryota,Opisthokonta,Fungi,Dikarya,Ascomycota,Pezizomycotina,Eurotiomycetes,Eurotiomycetidae,Eurotiales,Unknown,Aspergillaceae,Aspergillus
DeepSpace,Aspergillus flavus,NRRL3357,Starship-1_Afla,59419,ACTA,13,No,NA,insereted into other TE,NA,5059,species,Eukaryota,Opisthokonta,Fungi,Dikarya,Ascomycota,Pezizomycotina,Eurotiomycetes,Eurotiomycetidae,Eurotiales,Unknown,Aspergillaceae,Aspergillus
Olympus,Aspergillus fumigatus,Af293,HEPHAESTUS_Afum,53113,TTTACA,16,No,yes,NA,NA,746128,species,Eukaryota,Opisthokonta,Fungi,Dikarya,Ascomycota,Pezizomycotina,Eurotiomycetes,Eurotiomycetidae,Eurotiales,Unknown,Aspergillaceae,Aspergillus
Olympus,Aspergillus fumigatus,D-2-23L-5,HEPHAESTUS_Afum_D-2-23L-5,53113,TTACAA,16,No,yes,NA,NA,746128,species,Eukaryota,Opisthokonta,Fungi,Dikarya,Ascomycota,Pezizomycotina,Eurotiomycetes,Eurotiomycetidae,Eurotiales,Unknown,Aspergillaceae,Aspergillus
Olympus,Aspergillus fumigatus,LMB-35Aa,HEPHAESTUS_Afum_mini,14634,TTACA,16,NA,NA,NA,NA,746128,species,Eukaryota,Opisthokonta,Fungi,Dikarya,Ascomycota,Pezizomycotina,Eurotiomycetes,Eurotiomycetidae,Eurotiales,Unknown,Aspergillaceae,Aspergillus
Olympus,Aspergillus fumigatus,Af293,HEPHAESTUS_Afum2,57356,ttACAAC,16,NA,NA,targeted microsatellite,NA,746128,species,Eukaryota,Opisthokonta,Fungi,Dikarya,Ascomycota,Pezizomycotina,Eurotiomycetes,Eurotiomycetidae,Eurotiales,Unknown,Aspergillaceae,Aspergillus
Olympus,Aspergillus lentulus,IFM 60648,Hephaestus_Alen,54465,TTTACAA,16,NA,NA,NA,NA,293939,species,Eukaryota,Opisthokonta,Fungi,Dikarya,Ascomycota,Pezizomycotina,Eurotiomycetes,Eurotiomycetidae,Eurotiales,Unknown,Aspergillaceae,Aspergillus
ClassB,Aspergillus luchuensis,CBS 106.47,Starship-1_Aluc,81688,ACATACAACAGAAGG,-,NA,NA,aligned to Anig,NA,1069201,species,Eukaryota,Opisthokonta,Fungi,Dikarya,Ascomycota,Pezizomycotina,Eurotiomycetes,Eurotiomycetidae,Eurotiales,Unknown,Aspergillaceae,Aspergillus
Olympus,Aspergillus neoellipticus,NRRL 5109,HEPHAESTUS_Aneo_mini,14634,TTACA,16,NA,NA,NA,NA,91482,species,Eukaryota,Opisthokonta,Fungi,Dikarya,Ascomycota,Pezizomycotina,Eurotiomycetes,Eurotiomycetidae,Eurotiales,Unknown,Aspergillaceae,Aspergillus
Olympus,Aspergillus nidulans,SP-2605-48,HEPHAESTUS_Anid,81705,GTTTTAC,?,No,NA,NA,NA,162425,species,Eukaryota,Opisthokonta,Fungi,Dikarya,Ascomycota,Pezizomycotina,Eurotiomycetes,Eurotiomycetidae,Eurotiales,Unknown,Aspergillaceae,Aspergillus
ClassC,Aspergillus nidulans,SP-2605-48,Starship-1_Anid_SP-2605-48,NA,AAGCC,13,NA,NA,5S,NA,162425,species,Eukaryota,Opisthokonta,Fungi,Dikarya,Ascomycota,Pezizomycotina,Eurotiomycetes,Eurotiomycetidae,Eurotiales,Unknown,Aspergillaceae,Aspergillus
Battlestar,Aspergillus niger,FDAARGOS_311,Galactica_Anig,298635,TAGTG,16?,yes,NA,NA,NA,5061,species,Eukaryota,Opisthokonta,Fungi,Dikarya,Ascomycota,Pezizomycotina,Eurotiomycetes,Eurotiomycetidae,Eurotiales,Unknown,Aspergillaceae,Aspergillus
ClassB,Aspergillus niger (phoenicis Corda) Thom ,ATCC 13157,Starship-1_Anig,75031,ACATACAACAGAAGG,11,No,NA,targets 5S,HSP70,5061,species,Eukaryota,Opisthokonta,Fungi,Dikarya,Ascomycota,Pezizomycotina,Eurotiomycetes,Eurotiomycetidae,Eurotiales,Unknown,Aspergillaceae,Aspergillus
Olympus,Aspergillus novofumigatus,IBT 16806,HEPHAESTUS_Anov,47493,TACA,14,NA,NA,NA,NA,340412,species,Eukaryota,Opisthokonta,Fungi,Dikarya,Ascomycota,Pezizomycotina,Eurotiomycetes,Eurotiomycetidae,Eurotiales,Unknown,Aspergillaceae,Aspergillus
Battlestar,Aspergillus oryzae,RIB40,Galactica_Aory,253754,GTAGT,16,Yes,NA,Alignment to Afla,NA,5062,species,Eukaryota,Opisthokonta,Fungi,Dikarya,Ascomycota,Pezizomycotina,Eurotiomycetes,Eurotiomycetidae,Eurotiales,Unknown,Aspergillaceae,Aspergillus
Battlestar,Aspergillus sojae,SMF134,Galactica_Asoj,393008,?,15,Yes,NA,Alignment to Afla,NA,41058,species,Eukaryota,Opisthokonta,Fungi,Dikarya,Ascomycota,Pezizomycotina,Eurotiomycetes,Eurotiomycetidae,Eurotiales,Unknown,Aspergillaceae,Aspergillus
DeepSpace,Aspergillus sp.,GbtcF2 F2_37,Starship-1_Asp,59378,ATACTA,27?,NA,NA,NA,NA,5065,species,Eukaryota,Opisthokonta,Fungi,Dikarya,Ascomycota,Pezizomycotina,Eurotiomycetes,Eurotiomycetidae,Eurotiales,Unknown,Aspergillaceae,Aspergillus
Olympus,Aspergillus thermomutatus,HMR AF 39,HEPHAESTUS_Athe,65455,TTTACA,16,NA,NA,NA,NA,41047,species,Eukaryota,Opisthokonta,Fungi,Dikarya,Ascomycota,Pezizomycotina,Eurotiomycetes,Eurotiomycetidae,Eurotiales,Unknown,Aspergillaceae,Aspergillus
ClassB,Aspergillus vadensis,CBS 113365,Starship-1_Avad,79872,ACATACAACAGAAGG,11,NA,NA,NA,NA,288669,species,Eukaryota,Opisthokonta,Fungi,Dikarya,Ascomycota,Pezizomycotina,Eurotiomycetes,Eurotiomycetidae,Eurotiales,Unknown,Aspergillaceae,Aspergillus
ClassB,Aspergillus welwitschiae,CBS139.54b,Starship-1_Awel,81412,ACATACAACAGAAGG,11,NA,NA,aligned to Anig,NA,1341132,species,Eukaryota,Opisthokonta,Fungi,Dikarya,Ascomycota,Pezizomycotina,Eurotiomycetes,Eurotiomycetidae,Eurotiales,Unknown,Aspergillaceae,Aspergillus
DeepSpace,Bipolaris maydis,C5,Starship-1_Bmay,140069,GTTTACT,18,No,NA,aligned to Chet,NA,5016,species,Eukaryota,Opisthokonta,Fungi,Dikarya,Ascomycota,Pezizomycotina,Dothideomycetes,Pleosporomycetidae,Pleosporales,Pleosporineae,Pleosporaceae,Bipolaris
Leviathan,Bipolaris maydis,HAW225,Starship-2_Bmay,99415,TAGTG,16,No,NA,NA,FabG,5016,species,Eukaryota,Opisthokonta,Fungi,Dikarya,Ascomycota,Pezizomycotina,Dothideomycetes,Pleosporomycetidae,Pleosporales,Pleosporineae,Pleosporaceae,Bipolaris
DeepSpace,Bipolaris sorokiniana,BS112,Starship-1_Bsor,192084,TACT,18,No,NA,aligned to Etur MAT genes!?,NA,45130,species,Unknown,Unknown,Unknown,Unknown,Unknown,Unknown,Unknown,Unknown,Unknown,Unknown,Unknown,Unknown
DeepSpace,Bipolaris victoriae,FI3,Starship-1_Bvic,92203,TTTACT,18,No,NA,aligned to Etur,NA,40125,species,Eukaryota,Opisthokonta,Fungi,Dikarya,Ascomycota,Pezizomycotina,Dothideomycetes,Pleosporomycetidae,Pleosporales,Pleosporineae,Pleosporaceae,Bipolaris
Leviathan,Bipolaris zeicola,GZL10,Starship-2_Bzei,77192,TAGT,18,No,NA,aligned to Bmay-2,NA,5017,species,Eukaryota,Opisthokonta,Fungi,Dikarya,Ascomycota,Pezizomycotina,Dothideomycetes,Pleosporomycetidae,Pleosporales,Pleosporineae,Pleosporaceae,Bipolaris
Intrepid,Botryosphaeria dothidea,LW-Hubei,Voyager_Bdot,68837,CCTATATTCT,11,No,NA,NA,NA,55169,species,Eukaryota,Opisthokonta,Fungi,Dikarya,Ascomycota,Pezizomycotina,Dothideomycetes,Unknown,Botryosphaeriales,Unknown,Botryosphaeriaceae,Botryosphaeria
Declaration,Cladophialophora psammophila,CBS 110553,Starship-2_Cpsa,91057,?,-,No,NA,rearrandged,NA,1182553,species,Eukaryota,Opisthokonta,Fungi,Dikarya,Ascomycota,Pezizomycotina,Eurotiomycetes,Chaetothyriomycetidae,Chaetothyriales,Unknown,Herpotrichiellaceae,Cladophialophora
Orphan,Cladophialophora psammophila,CBS 110553,Starship-1_Cpsa,69866,TCTTGGCG,24,No,NA,NA,NA,1182553,species,Eukaryota,Opisthokonta,Fungi,Dikarya,Ascomycota,Pezizomycotina,Eurotiomycetes,Chaetothyriomycetidae,Chaetothyriales,Unknown,Herpotrichiellaceae,Cladophialophora
DeepSpace,Cochliobolus heterostrophus,PR9b,Starship-1_Chet,105366,TACT,18,No,NA,NA,NA,5016,species,Eukaryota,Opisthokonta,Fungi,Dikarya,Ascomycota,Pezizomycotina,Dothideomycetes,Pleosporomycetidae,Pleosporales,Pleosporineae,Pleosporaceae,Bipolaris
DeepSpace,Exserohilum rostratum,ER1,Starship-1_Eros,182487,TACT,18,No,NA,aligned to Etur,NA,1659837,species,Eukaryota,Opisthokonta,Fungi,Dikarya,Ascomycota,Pezizomycotina,Dothideomycetes,Pleosporomycetidae,Pleosporales,Pleosporineae,Pleosporaceae,Exserohilum
DeepSpace,Exserohilum turcica,Et28A ,Starship-1_Etur,157147,TACT,18,No,NA,aligned to Chet,4	5 DOPA dioxygenase extradiol,93612,species,Unknown,Unknown,Unknown,Unknown,Unknown,Unknown,Unknown,Unknown,Unknown,Unknown,Unknown,Unknown
ClassA,Fonsecaea nubica,CBS 269.64,Starship-1_Fnub,86182,GAAACRA,-,No,NA,NA,NA,856822,species,Eukaryota,Opisthokonta,Fungi,Dikarya,Ascomycota,Pezizomycotina,Eurotiomycetes,Chaetothyriomycetidae,Chaetothyriales,Unknown,Herpotrichiellaceae,Fonsecaea
ClassA,Fonsecaea pedrosoi,CBS 271.37,Starship-1_Fped,86057,TGTTAT,-,No,NA,NA,NA,40355,species,Eukaryota,Opisthokonta,Fungi,Dikarya,Ascomycota,Pezizomycotina,Eurotiomycetes,Chaetothyriomycetidae,Chaetothyriales,Unknown,Herpotrichiellaceae,Fonsecaea
DeepSpace?,Fusarium culmorum,Class2-1B,Starship-1_Fcul,156001,ATACCT,-,2?,NA,Alignment to Foxy,NA,5516,species,Eukaryota,Opisthokonta,Fungi,Dikarya,Ascomycota,Pezizomycotina,Sordariomycetes,Hypocreomycetidae,Hypocreales,Unknown,Nectriaceae,Fusarium
Corneria,Fusarium fujikuroi,I1.3,Arwing_Ffuj,93762,CCCGTC,9,No,NA,HGT?,NA,5127,species,Eukaryota,Opisthokonta,Fungi,Dikarya,Ascomycota,Pezizomycotina,Sordariomycetes,Hypocreomycetidae,Hypocreales,Unknown,Nectriaceae,Fusarium
Declaration,Fusarium fujikuroi,E282,Starship-2_Ffuj,86995,TGTGGTATT,16,NA,NA,related to ARS transfer,NA,5127,species,Eukaryota,Opisthokonta,Fungi,Dikarya,Ascomycota,Pezizomycotina,Sordariomycetes,Hypocreomycetidae,Hypocreales,Unknown,Nectriaceae,Fusarium
Declaration,Fusarium oxysporum,170,Starship-1_Foxy_170,82662,TGTGGTATT,16,NA,NA,aligned to Ffuj,NA,5507,species,Eukaryota,Opisthokonta,Fungi,Dikarya,Ascomycota,Pezizomycotina,Sordariomycetes,Hypocreomycetidae,Hypocreales,Unknown,Nectriaceae,Fusarium
DeepSpace?,Fusarium oxysporum,Fo5176,Starship-1_Foxy_Fo5176,117827,?,NA,Yes,NA,Alignment to Foxy,NA,5507,species,Eukaryota,Opisthokonta,Fungi,Dikarya,Ascomycota,Pezizomycotina,Sordariomycetes,Hypocreomycetidae,Hypocreales,Unknown,Nectriaceae,Fusarium
DeepSpace?,Fusarium oxysporum,Fo47,Starship-1_Foxy_Fo47,119415,?,NA,2?,NA,Alignment to Foxy,NA,5507,species,Eukaryota,Opisthokonta,Fungi,Dikarya,Ascomycota,Pezizomycotina,Sordariomycetes,Hypocreomycetidae,Hypocreales,Unknown,Nectriaceae,Fusarium
DeepSpace?,Fusarium oxysporum,F1004,Starship-1_Foxy,137343,AAGATATAC,-,2?,NA,NA,NA,5507,species,Eukaryota,Opisthokonta,Fungi,Dikarya,Ascomycota,Pezizomycotina,Sordariomycetes,Hypocreomycetidae,Hypocreales,Unknown,Nectriaceae,Fusarium
DeepSpace?,Fusarium oxysporum,F207,Foxy-1_Fusoxy_F207,139180,ATAATA,NA,2?,NA,Alignment to Foxy,NA,5507,species,Eukaryota,Opisthokonta,Fungi,Dikarya,Ascomycota,Pezizomycotina,Sordariomycetes,Hypocreomycetidae,Hypocreales,Unknown,Nectriaceae,Fusarium
Corneria,Fusarium oxyspoum,4287,Arwing_Foxy_Fol4287,92532,CCATAG,-,Yes,NA,NA,NA,5507,species,Eukaryota,Opisthokonta,Fungi,Dikarya,Ascomycota,Pezizomycotina,Sordariomycetes,Hypocreomycetidae,Hypocreales,Unknown,Nectriaceae,Fusarium
Corneria,Fusarium oxyspoum,Fo5176,Arwing_Foxy_Fo5176,100660,CCCGTC,9,Yes,NA,NA,NA,5507,species,Eukaryota,Opisthokonta,Fungi,Dikarya,Ascomycota,Pezizomycotina,Sordariomycetes,Hypocreomycetidae,Hypocreales,Unknown,Nectriaceae,Fusarium
ClassA,Fusarium poae,2516,Starship-1_Fpoa,464334,TGTTTTGG,16,2 copies?,NA,NA,NA,36050,species,Eukaryota,Opisthokonta,Fungi,Dikarya,Ascomycota,Pezizomycotina,Sordariomycetes,Hypocreomycetidae,Hypocreales,Unknown,Nectriaceae,Fusarium
Declaration,Fusarium proliferatum,ITEM 2341,Starship-1_Fpro,81850,TGTGGTATT,16,NA,NA,aligned to Ffuj,NA,948311,species,Eukaryota,Opisthokonta,Fungi,Dikarya,Ascomycota,Pezizomycotina,Sordariomycetes,Hypocreomycetidae,Hypocreales,Unknown,Nectriaceae,Fusarium
Declaration,Letharia lupina,WasteWater1,Starship-1_Llup,88059,YYACTCGT,-,No,NA,Ripped,NA,560253,species,Eukaryota,Opisthokonta,Fungi,Dikarya,Ascomycota,Pezizomycotina,Lecanoromycetes,Lecanoromycetidae,Lecanorales,Lecanorineae,Parmeliaceae,Letharia
Aves,Macrophomina phaseolina,mp053,Phoenix_Mpha,195341,TTTACA,17,No,NA,NA,NA,35725,species,Eukaryota,Opisthokonta,Fungi,Dikarya,Ascomycota,Pezizomycotina,Dothideomycetes,Unknown,Botryosphaeriales,Unknown,Botryosphaeriaceae,Macrophomina
DeepSpace,Macrophomina phaseolina,mp050,Defiant_Mpha,192877,ACTA,17,No,NA,NA,NA,35725,species,Eukaryota,Opisthokonta,Fungi,Dikarya,Ascomycota,Pezizomycotina,Dothideomycetes,Unknown,Botryosphaeriales,Unknown,Botryosphaeriaceae,Macrophomina
Intrepid,Macrophomina phaseolina,mp102,Voyager,91145,GCCCTGTATTCT,24,No,NA,targets 5S,NA,35725,species,Eukaryota,Opisthokonta,Fungi,Dikarya,Ascomycota,Pezizomycotina,Dothideomycetes,Unknown,Botryosphaeriales,Unknown,Botryosphaeriaceae,Macrophomina
Declaration,Melanconium sp.,NRRL 54901,Enterprise_Msp,71950,AGGTAG,-,No,NA,NA,NA,2026559,species,Eukaryota,Opisthokonta,Fungi,Dikarya,Ascomycota,Pezizomycotina,Sordariomycetes,Sordariomycetidae,Diaporthales,Unknown,Melanconidaceae,Melanconium
Orphan,Morchella importuna,CCBAS932 v1.0,Starship-1_Mimp,26941,TACTCTACT,17,No,NA,NA,NA,1174673,species,Eukaryota,Opisthokonta,Fungi,Dikarya,Ascomycota,Pezizomycotina,Pezizomycetes,Unknown,Pezizales,Unknown,Morchellaceae,Morchella
Orphan,Orbilia oligospora,TWF106,Starship-1_Ooli,112276,NTAANTA,18,No,yes,NA,NA,2813651,species,Eukaryota,Opisthokonta,Fungi,Dikarya,Ascomycota,Pezizomycotina,Orbiliomycetes,Unknown,Orbiliales,Unknown,Orbiliaceae,Orbilia
Battlestar,Paecilomyces variotii,CBS 144490 HYG1,Galactica_Pvar,202217,GCTAGT,13,No,NA,NA,NA,264951,species,Eukaryota,Opisthokonta,Fungi,Dikarya,Ascomycota,Pezizomycotina,Eurotiomycetes,Eurotiomycetidae,Eurotiales,Unknown,Thermoascaceae,Paecilomyces
Olympus,Paecilomyces variotii,CBS 144490 HYG1,Hephaestus,77564,TTAC,15,yes,yes,NA,NA,264951,species,Eukaryota,Opisthokonta,Fungi,Dikarya,Ascomycota,Pezizomycotina,Eurotiomycetes,Eurotiomycetidae,Eurotiales,Unknown,Thermoascaceae,Paecilomyces
Olympus,Penicillium camemberti,FM013,Hephaestus_Pcam,79663,TATTACA,13,NA,NA,NA,NA,5075,species,Eukaryota,Opisthokonta,Fungi,Dikarya,Ascomycota,Pezizomycotina,Eurotiomycetes,Eurotiomycetidae,Eurotiales,Unknown,Aspergillaceae,Penicillium
Olympus,Penicillium chrysogenum,Pch1,HEPHAESTUS_Pchr,62241,?,11,No,NA,aligned to?,NA,5076,species,Eukaryota,Opisthokonta,Fungi,Dikarya,Ascomycota,Pezizomycotina,Eurotiomycetes,Eurotiomycetidae,Eurotiales,Unknown,Aspergillaceae,Penicillium
Olympus,Penicillium chrysogenum,HKF42,HEPHAESTUS_Pchr_HKF42,NA,TTACA,16,NA,NA,NA,NA,5076,species,Eukaryota,Opisthokonta,Fungi,Dikarya,Ascomycota,Pezizomycotina,Eurotiomycetes,Eurotiomycetidae,Eurotiales,Unknown,Aspergillaceae,Penicillium
Olympus,Penicillium chrysogenum,Wisconsin 54-1255,Hephaestus_Pchr_54-1255,111216,?,15?,NA,NA,NA,NA,5076,species,Eukaryota,Opisthokonta,Fungi,Dikarya,Ascomycota,Pezizomycotina,Eurotiomycetes,Eurotiomycetidae,Eurotiales,Unknown,Aspergillaceae,Penicillium
Unknown,Penicillium chrysogenum,P2niaD18,StarshipX_Pchr,380887,TACATC,15,NA,NA,nesting,NA,5076,species,Eukaryota,Opisthokonta,Fungi,Dikarya,Ascomycota,Pezizomycotina,Eurotiomycetes,Eurotiomycetidae,Eurotiales,Unknown,Aspergillaceae,Penicillium
Battlestar,Penicillium chrysogenum,PDH20-03,Atlantia_Pchr,182090,gtacatatgtaccta,?,NA,NA,NA,NA,5076,species,Eukaryota,Opisthokonta,Fungi,Dikarya,Ascomycota,Pezizomycotina,Eurotiomycetes,Eurotiomycetidae,Eurotiales,Unknown,Aspergillaceae,Penicillium
Olympus,Penicillium decumbens,IBT 11843,Hephaestus_Pdec,45942,GTTTACAA,?,NA,NA,NA,NA,69771,species,Eukaryota,Opisthokonta,Fungi,Dikarya,Ascomycota,Pezizomycotina,Eurotiomycetes,Eurotiomycetidae,Eurotiales,Unknown,Aspergillaceae,Penicillium
Olympus,Penicillium griseoroseum,IF7SW-F5,Hephaestus_Pgri,62253,TTACA,11,NA,NA,NA,NA,84562,species,Eukaryota,Opisthokonta,Fungi,Dikarya,Ascomycota,Pezizomycotina,Eurotiomycetes,Eurotiomycetidae,Eurotiales,Unknown,Aspergillaceae,Penicillium
Olympus,Penicillium nalgiovense,IBT 13039,Hephaestus_Pnal,7679,?,14,NA,NA,NA,NA,60175,species,Eukaryota,Opisthokonta,Fungi,Dikarya,Ascomycota,Pezizomycotina,Eurotiomycetes,Eurotiomycetidae,Eurotiales,Unknown,Aspergillaceae,Penicillium
Olympus,Penicillium oxalicum,SGAir0226,Hephaestus_Poxa,43824,ACA,14,NA,NA,NA,NA,69781,species,Eukaryota,Opisthokonta,Fungi,Dikarya,Ascomycota,Pezizomycotina,Eurotiomycetes,Eurotiomycetidae,Eurotiales,Unknown,Aspergillaceae,Penicillium
Olympus,Penicillium rolfsii,F1880,Hephaestus_Prol,56396,ATTACA,17,NA,NA,NA,NA,69785,species,Eukaryota,Opisthokonta,Fungi,Dikarya,Ascomycota,Pezizomycotina,Eurotiomycetes,Eurotiomycetidae,Eurotiales,Unknown,Aspergillaceae,Penicillium
Olympus,Penicillium roqueforti,FM164,Hephaestus_Proq,74970,TATTACA,16,NA,NA,NA,NA,5082,species,Eukaryota,Opisthokonta,Fungi,Dikarya,Ascomycota,Pezizomycotina,Eurotiomycetes,Eurotiomycetidae,Eurotiales,Unknown,Aspergillaceae,Penicillium
Wallace,Penicillium roqueforti,FM164,Wallaby_Proq,574636,ACCA,5,NA,NA,inserted to other TE,NA,5082,species,Eukaryota,Opisthokonta,Fungi,Dikarya,Ascomycota,Pezizomycotina,Eurotiomycetes,Eurotiomycetidae,Eurotiales,Unknown,Aspergillaceae,Penicillium
Unknown,Penicillium roqueforti,FM164,HTR-1_Proq,191446,ATTACA,10,NA,NA,NA,NA,5082,species,Eukaryota,Opisthokonta,Fungi,Dikarya,Ascomycota,Pezizomycotina,Eurotiomycetes,Eurotiomycetidae,Eurotiales,Unknown,Aspergillaceae,Penicillium
Unknown,Penicillium roqueforti,LCP96 04111,Starship-1_Proq,118191,TTATACT,10,NA,NA,NA,NA,5082,species,Eukaryota,Opisthokonta,Fungi,Dikarya,Ascomycota,Pezizomycotina,Eurotiomycetes,Eurotiomycetidae,Eurotiales,Unknown,Aspergillaceae,Penicillium
ClassC,Penicillium roqueforti,JCM 22842,Starship-1_Proq_S02,97487,CTTAAGCCACA,16,NA,NA,5S,NA,5082,species,Eukaryota,Opisthokonta,Fungi,Dikarya,Ascomycota,Pezizomycotina,Eurotiomycetes,Eurotiomycetidae,Eurotiales,Unknown,Aspergillaceae,Penicillium
Battlestar,Penicillium roqueforti,DTO 039-G3,Atlantia_Proq_DTO_039-G3,369237,GTACATA,NA,NA,NA,NA,NA,5082,species,Eukaryota,Opisthokonta,Fungi,Dikarya,Ascomycota,Pezizomycotina,Eurotiomycetes,Eurotiomycetidae,Eurotiales,Unknown,Aspergillaceae,Penicillium
Olympus,Penicillium sp.,str. #12,Hephaestus_Psp,7679,?,14,NA,NA,NA,NA,5081,NA,Unknown,Unknown,Unknown,Unknown,Unknown,Unknown,Unknown,Unknown,Unknown,Unknown,Unknown,Unknown
Unknown,Penicillium sp.,str. #12,StarshipX_Psp,NA,TTATTACAC,10,NA,NA,NA,NA,5081,NA,Unknown,Unknown,Unknown,Unknown,Unknown,Unknown,Unknown,Unknown,Unknown,Unknown,Unknown,Unknown
Aves,Phaeomoniella chlamydospora,UCRPC4,Phoenix_Pcla,31584,TTACAG,14,No,NA,NA,NA,158046,species,Eukaryota,Opisthokonta,Fungi,Dikarya,Ascomycota,Pezizomycotina,Eurotiomycetes,Chaetothyriomycetidae,Phaeomoniellales,Unknown,Phaeomoniellaceae,Phaeomoniella
Declaration,Podospora anserina,Wa28,Enterprise_Pans,161296,AGGTAG,-,Yes,NA,NA,NA,2587412,species,Eukaryota,Opisthokonta,Fungi,Dikarya,Ascomycota,Pezizomycotina,Sordariomycetes,Sordariomycetidae,Sordariales,Unknown,Chaetomiaceae,Podospora
Orphan,Podospora anserina,S,Starship-2_Pans,60406,TCTC,10,No,NA,NA,NA,2587412,species,Eukaryota,Opisthokonta,Fungi,Dikarya,Ascomycota,Pezizomycotina,Sordariomycetes,Sordariomycetidae,Sordariales,Unknown,Chaetomiaceae,Podospora
Unknown,Pyrenophora tritici-repentis,V0001 V1,Horizon,135419,?,?,NA,NA,partial from old genomes,NA,45151,species,Unknown,Unknown,Unknown,Unknown,Unknown,Unknown,Unknown,Unknown,Unknown,Unknown,Unknown,Unknown
Olympus,Talaromyces islandicus,PIS,Hephaestus_Tisl,53416,?,10,NA,NA,NA,NA,28573,species,Eukaryota,Opisthokonta,Fungi,Dikarya,Ascomycota,Pezizomycotina,Eurotiomycetes,Eurotiomycetidae,Eurotiales,Unknown,Trichocomaceae,Talaromyces
Olympus,Talaromyces marneffei,11CN-20-091,Hephaestus_Tmar,59925,TTAC,-,Yes,NA,NA,NA,37727,species,Eukaryota,Opisthokonta,Fungi,Dikarya,Ascomycota,Pezizomycotina,Eurotiomycetes,Eurotiomycetidae,Eurotiales,Unknown,Trichocomaceae,Talaromyces
Olympus,Talaromyces rugulosus,W13939,Hephaestus_Trug,49232,?,13,NA,NA,NA,NA,121627,species,Eukaryota,Opisthokonta,Fungi,Dikarya,Ascomycota,Pezizomycotina,Eurotiomycetes,Eurotiomycetidae,Eurotiales,Unknown,Trichocomaceae,Talaromyces
Olympus,Talaromyces rugulosus,W13939,Hephaestus_Trug2,48648,?,7,NA,NA,NA,NA,121627,species,Eukaryota,Opisthokonta,Fungi,Dikarya,Ascomycota,Pezizomycotina,Eurotiomycetes,Eurotiomycetidae,Eurotiales,Unknown,Trichocomaceae,Talaromyces
Olympus,Talaromyces stipitatus,ATCC 10500,Hephaestus_Tsti,40862,?,10,NA,NA,NA,NA,28564,species,Eukaryota,Opisthokonta,Fungi,Dikarya,Ascomycota,Pezizomycotina,Eurotiomycetes,Eurotiomycetidae,Eurotiales,Unknown,Trichocomaceae,Talaromyces
Corneria,Trichoderma asperellum,CBS 433.97,Starship-1_Tasp,73474,GCTCGTATA,-,No,NA,n's,NA,101201,species,Eukaryota,Opisthokonta,Fungi,Dikarya,Ascomycota,Pezizomycotina,Sordariomycetes,Hypocreomycetidae,Hypocreales,Unknown,Hypocreaceae,Trichoderma
Orphan,Trichoderma asperellum,DQ-1,Starship-2_Tasp,293882,ATAACA,12,No,NA,Nesting,NA,101201,species,Eukaryota,Opisthokonta,Fungi,Dikarya,Ascomycota,Pezizomycotina,Sordariomycetes,Hypocreomycetidae,Hypocreales,Unknown,Hypocreaceae,Trichoderma
